sf3d	run-1	p1-a_assembly_robots	part_00	db596973-14f2-4693-9700-5e4c36955da0
sf3d	run-1	p1-a_assembly_robots	part_01	643c87ba-194b-4262-abc1-c805337d148a
sf3d	run-1	p1-a_assembly_robots	part_02	bc3dade6-02d7-479b-9b3b-f64855385480
sf3d	run-1	p1-a_assembly_robots	part_03	b5117c0c-69de-445f-a553-25d190807d0c
sf3d	run-1	p1-a_assembly_robots	part_04	4d8050bf-97ee-43ba-b98d-a0865e8336e9
sf3d	run-1	p1-a_assembly_robots	part_05	308cdfd4-a79b-4a8d-b446-f94301bf4c92
sf3d	run-1	p1-a_assembly_robots	part_06	76d75213-f4f7-49b4-a4a1-2ae3b371ef98
sf3d	run-1	p1-a_assembly_robots	part_07	bdfdf445-936e-4d05-901c-47679deda00a
sf3d	run-1	p1-a_assembly_robots	part_08	9a6d7e27-03c3-494e-8c1c-5d05dcc52132
sf3d	run-1	p1-b_self-driving_shuttle	part_00	19b99a6d-468d-4f24-835e-e43944e2ffc6
sf3d	run-1	p1-b_self-driving_shuttle	part_01	cb00ff36-fbca-4385-8867-9d476a1ed928
sf3d	run-1	p1-b_self-driving_shuttle	part_02	6d0ba88d-bf59-4357-9e25-9f60d635b8f5
sf3d	run-1	p1-b_self-driving_shuttle	part_03	d0b6cbdb-81cd-4aaa-b5a0-a19e4178090b
sf3d	run-1	p1-b_self-driving_shuttle	part_04	cedf2d84-5de8-4e7e-9179-264340dbd727
sf3d	run-1	p1-b_self-driving_shuttle	part_05	0642ea4e-54dd-4145-818d-a64b8a5653d9
sf3d	run-1	p1-c_lunar_rover	part_00	aJ_vOZX7_wLvjFnXZqMiR
sf3d	run-1	p1-c_lunar_rover	part_01	ZKiTzV3e0E4TsdoLENCRd
sf3d	run-1	p1-c_lunar_rover	part_02	N1n9emWagVTeCaO5_F2Eb
sf3d	run-1	p1-c_lunar_rover	part_03	aP_NAoKYPyemyOlhYXofK
sf3d	run-1	p1-c_lunar_rover	part_04	cbl4H93nQfiVDEU_GCyrz
sf3d	run-1	p1-c_lunar_rover	part_05	tCaMp1xgvGUXgn3lDGFmP
sf3d	run-1	p1-c_lunar_rover	part_06	Yu3cyGQ_GJOUSDFWwHAVH
sf3d	run-1	p1-c_lunar_rover	part_07	7PB0QEwFsrMh5d_WAvY_Z
sf3d	run-1	p1-c_lunar_rover	part_08	S1ELRwXhXfqe8f5NWxp6t
sf3d	run-1	p1-c_lunar_rover	part_09	n_254ZDKWOl5_tq_I3A3X
sf3d	run-1	p1-c_lunar_rover	part_10	f6pUZylUIxIuEcramQ2gZ
sf3d	run-1	p1-c_lunar_rover	part_11	4odbjaJeLDxYYUto5MAEJ
sf3d	run-1	p1-c_lunar_rover	part_12	_oDIcgIwa_B1gmn2msLj2
sf3d	run-1	p1-c_lunar_rover	part_13	8Xa_0z5o_8LzMPXjX8GTL
sf3d	run-1	p1-c_lunar_rover	part_14	_27fZSjqcy3hvPc0O46_n
sf3d	run-1	p1-c_lunar_rover	part_15	6YGMoWTJ62OMgODVn00gK
sf3d	run-1	p1-c_lunar_rover	part_16	xpQ7TJF_l2t8pybUP_aox
sf3d	run-1	p2-c_autonomous_excavator	part_00	H1spPSGDZ25_nBZOQd32D
sf3d	run-1	p2-c_autonomous_excavator	part_01	ucuh5oX1wD3f7J67fglzR
sf3d	run-1	p2-c_autonomous_excavator	part_02	EI2q4M3ziKytUmIn5tMaW
sf3d	run-1	p2-c_autonomous_excavator	part_03	nXIM6nQuIE_hl3_CV8a_o
sf3d	run-1	p2-c_autonomous_excavator	part_04	cjc_wMSwlyn2Wak2Pjxxi
sf3d	run-1	p2-c_autonomous_excavator	part_05	TybARaZB4B6xEHDcZOh8V
sf3d	run-1	p2-c_autonomous_excavator	part_06	ehryFH_be2J9KuJhIHzzH
sf3d	run-1	p2-c_autonomous_excavator	part_07	EAjAXrMEUCAWg5cB6QAfT
sf3d	run-1	p2-c_autonomous_excavator	part_08	n_GucUEtnSEJ95AFG9HW3
sf3d	run-1	p2-c_autonomous_excavator	part_09	5FHCm0s0JTBinT6Y6H5Bi
sf3d	run-1	p2-c_autonomous_excavator	part_10	WgHl25mtuSY1pLYdeFMIV
sf3d	run-1	p2-c_autonomous_excavator	part_11	ZctJdwvjmkTd31OTF9GOR
sf3d	run-1	p2-c_autonomous_excavator	part_12	AHLYUOfb6e95_iNVxO5nA
sf3d	run-1	p2-c_autonomous_excavator	part_13	X9Q89HoVBlMpLtSyR3OD8
sf3d	run-1	p2-c_autonomous_excavator	part_14	CsXzcuVKdrLWSDy75oUVe
sf3d	run-1	p2-c_autonomous_excavator	part_15	wW9tpjiOlgLwBOq6mAb_y
sf3d	run-1	p2-c_autonomous_excavator	part_16	Dsqk20iT6Nf3S4jjchBFG
sf3d	run-1	p2-c_autonomous_excavator	part_17	FBi3bjWN_S8O0m3TKC71t
sf3d	run-1	p2-c_autonomous_excavator	part_18	8O05ZkWvbXG1o_7XA5RvS
sf3d	run-1	p2-c_autonomous_excavator	part_19	vLLxQVrbPWKfEvtVhztUZ
sf3d	run-1	p2-c_autonomous_excavator	part_20	H17aK0N1f_e_LeOD_SQ1R
sf3d	run-1	p2-c_autonomous_excavator	part_21	zffx9d688CDK7eZJhYEEa
sf3d	run-1	p3-a_puma	part_00	zZOJQgM3iG1Tu3SFapYBM
sf3d	run-1	p3-a_puma	part_01	Rg3VsNelvLu9OCtUBanyd
sf3d	run-1	p3-a_puma	part_02	hzpVAdlNInlmJziX3cvzM
sf3d	run-1	p3-a_puma	part_03	nZOl5D_ozcuw0gyMxMUuw
sf3d	run-1	p3-a_puma	part_04	vQrxWAm70q9OIWCv5m4Bx
sf3d	run-1	p3-a_puma	part_05	f6eNe0BBFtiS6PF_D_QcE
sf3d	run-1	p3-a_puma	part_06	lgBeZ3e9DG96pqU7XT11R
sf3d	run-1	p3-a_puma	part_07	GjsoED3x6pKKBA_BQfH3j
sf3d	run-1	p3-a_puma	part_08	tG7pCN6JJxV1PGhVljMpZ
sf3d	run-1	p3-a_puma	part_09	cl_jxCdOgvArfLgj4qDiP
sf3d	run-1	p3-a_puma	part_10	szC9poovXOSjRuVn0QeaA
sf3d	run-1	p3-a_puma	part_11	jALnJ8Y_SjnvxR6rwNbKR
sf3d	run-1	p3-a_puma	part_12	V8vU9QXMUizCzvW_GTb00
sf3d	run-1	p3-a_puma	part_13	rL32qn7Uy2Kia8T8vSP4a
sf3d	run-1	p3-c_spacecraft	part_00	RcdcLbKpxmN3ZdAwDA_58
sf3d	run-1	p3-c_spacecraft	part_01	vOeeeIVSXFAD_yssTtQe6
sf3d	run-1	p3-c_spacecraft	part_02	rqs2YAGD8nRORG_XKzXeD
sf3d	run-1	p3-c_spacecraft	part_03	z8IDecJWajmor9_boTUNx
sf3d	run-1	p3-c_spacecraft	part_04	1sZFK99sBi_1s4VXmZQwy
sf3d	run-1	p3-c_spacecraft	part_05	mTuyKndhaUlId0JQLxsAB
sf3d	run-1	p3-c_spacecraft	part_06	5Ga_xz0azPjua1Uoi8hzl
sf3d	run-1	p3-c_spacecraft	part_07	dymdv4cAzdX_gcE7ZJiJu
sf3d	run-1	p3-c_spacecraft	part_08	ZmpX5N5jIWauIkxanO1vN
sf3d	run-1	p3-c_spacecraft	part_09	c53d_NzP0iSayBkz9_l_v
sf3d	run-1	p3-c_spacecraft	part_10	EYb2BNbuTs4mveoOGDhUT
sf3d	run-1	p3-c_spacecraft	part_11	1w2N4D8_gNB4TAyxJc5Rc
sf3d	run-1	p3-d_bipedal_turret	part_00	QTA6OnV_PKTGdIRWF8BK6
sf3d	run-1	p3-d_bipedal_turret	part_01	8HKuxRq9zERigojANOL5P
sf3d	run-1	p3-d_bipedal_turret	part_02	d3b80G4n25knOwDjIow7d
sf3d	run-1	p3-d_bipedal_turret	part_03	TgAKzR18pBIFDEdlO6BJG
sf3d	run-1	p3-d_bipedal_turret	part_04	7PMrOKpushPIoajKZsOqT
sf3d	run-1	p3-d_bipedal_turret	part_05	OclIQwVSlO_aHsvI1oRQ_
sf3d	run-1	p3-d_bipedal_turret	part_06	kjBsdcvT8HDT_neECtc1f
sf3d	run-1	p3-d_bipedal_turret	part_07	piRlkRNqbr5E_f23Ut_RL
sf3d	run-1	p3-d_bipedal_turret	part_08	kktkb1GdYZq4YeD6GEUYD
sf3d	run-1	p3-d_bipedal_turret	part_09	YIgnsDPqKvEpsWB52gUPw
sf3d	run-1	p3-d_bipedal_turret	part_10	dQz4dDxLwwZjaMYA3ClXm
sf3d	run-1	p3-e_skeleton_dragon	part_00	_NFh6Yl3H2KNAObsdt23z
sf3d	run-1	p3-e_skeleton_dragon	part_01	uvVynSNnU15vbm4J_aX5_
sf3d	run-1	p3-e_skeleton_dragon	part_02	EvAp6FmLr9RbOyqxq5QH8
sf3d	run-1	p3-e_skeleton_dragon	part_03	BF4oK5aXLU3PL40wKX2Ns
sf3d	run-1	p3-e_skeleton_dragon	part_04	HAMPrL85H_0WM6C4l6vie
sf3d	run-1	p3-e_skeleton_dragon	part_05	8oU31FuKmNyoG6lNHfmwq
sf3d	run-1	p3-e_skeleton_dragon	part_06	cmWCiX2YvVhtQPTVbtDYO
sf3d	run-1	p3-e_skeleton_dragon	part_07	zFIWknBZUaRUqMfG629z3
sf3d	run-1	p3-e_skeleton_dragon	part_08	dEnYJoBjE7tOvP5lC022y
sf3d	run-1	p3-e_skeleton_dragon	part_09	2XTcA_S1BOpAy7RkFwHW_
sf3d	run-1	p3-e_skeleton_dragon	part_10	d8B75EQIMr6fTgXFzq7x_
sf3d	run-1	p3-e_skeleton_dragon	part_11	a_uIBUbn2T6YaMmXMOflL
sf3d	run-1	p3-e_skeleton_dragon	part_12	uLb2CCtTRNajdXxtGdvld
sf3d	run-1	p3-e_skeleton_dragon	part_13	3HbDkhzuZTzCkMyzH1ZLW
sf3d	run-1	p3-e_skeleton_dragon	part_14	J4uPsqtN9nV32H1xr11yW
sf3d	run-1	p3-e_skeleton_dragon	part_15	X3kxvKJjuorvaQ1A67RBe
sf3d	run-1	p3-e_skeleton_dragon	part_16	GYoV_exYf6Y60x_5XwdT3
sf3d	run-1	p3-e_skeleton_dragon	part_17	cMlkRLB3nnuEyuD3uW2B9
sf3d	run-1	p3-e_skeleton_dragon	part_18	8j_1OSWgsDux_W2r1InVD
sf3d	run-1	p3-e_skeleton_dragon	part_19	rddL3zcLiRx2TcD9fg8Sf
sf3d	run-1	p3-e_skeleton_dragon	part_20	Zg2oWWPAFGLoLCu_Bniu7
sf3d	run-1	p3-e_skeleton_dragon	part_21	rpIAwOkcP0EmsPmIkWwiZ
sf3d	run-1	p3-e_skeleton_dragon	part_22	oj6D6kVvCykW_cMAJt3rJ
sf3d	run-1	p3-e_skeleton_dragon	part_23	oppbOaMDMucXzrevPgCAw
sf3d	run-1	p3-e_skeleton_dragon	part_24	h8dazS6WMchWapntXsNyd
sf3d	run-1	p3-e_skeleton_dragon	part_25	zqteMmi29otHhnowtOhXp
sf3d	run-1	p3-e_skeleton_dragon	part_26	thUA_KYUGGuIzCYY82Kl7
sf3d	run-1	p3-e_skeleton_dragon	part_27	0lfylXi4p5ZEaL8WuEx8q
sf3d	run-1	p3-e_skeleton_dragon	part_28	YbrPPf9gnvPzsN82rYjgX
sf3d	run-1	p3-e_skeleton_dragon	part_29	QEGNO6ntru1nsmSz4D4Ry
sf3d	run-1	p3-e_skeleton_dragon	part_30	6fAhaEZVZ0GYRXBo2e1QD
sf3d	run-1	p3-e_skeleton_dragon	part_31	HaUiGDxk2dlFQqjSkvslk
sf3d	run-1	p3-e_skeleton_dragon	part_32	AP36XzQKF_a7r0OfXP7N1
sf3d	run-1	p3-e_skeleton_dragon	part_33	VrWpXS7jnyl3RkV93TOY6
sf3d	run-1	p3-e_skeleton_dragon	part_34	H_HKSNC9AmjGQZ3RAvIFx
sf3d	run-1	p3-e_skeleton_dragon	part_35	YWTqazDf4zcw1lGThzFIb
sf3d	run-1	p3-e_skeleton_dragon	part_36	__v9gT0e2QFMuiOIGw3n3
sf3d	run-1	p3-e_skeleton_dragon	part_37	mCqn56d4LjGfpEkZs6Oyy
sf3d	run-1	p3-e_skeleton_dragon	part_38	tPu06xma_cliCJa5bqR8h
sf3d	run-1	p3-e_skeleton_dragon	part_39	Sym_uTnqDKJN1w5jRwpAs
sf3d	run-1	p3-e_skeleton_dragon	part_40	tJY0jb9SyloX6OOeqz6E3
sf3d	run-1	p3-e_skeleton_dragon	part_41	veTcWbn2gFUS_C_ACzP33
sf3d	run-1	p3-e_skeleton_dragon	part_42	G0gohsujCtAWGMvhHudM1
sf3d	run-1	p4-c_siege_tank	part_00	EIHFFJvIJRjBGdgF2kEBz
sf3d	run-1	p4-c_siege_tank	part_01	jywFW3nYsaLazlGNeW2Nd
sf3d	run-1	p4-c_siege_tank	part_02	2BBqMpz_SeLhIIoju51X2
sf3d	run-1	p4-c_siege_tank	part_03	IqJSBtAB8eTwqkppaHTBQ
sf3d	run-1	p4-c_siege_tank	part_04	03CxkAO2PuPdMQQwmAEB_
sf3d	run-1	p4-c_siege_tank	part_05	17KzSvnKWQJ_c6gbn_6ky
sf3d	run-1	p4-c_siege_tank	part_06	hWqrX85Hhu5JSf_Xgw0F3
sf3d	run-1	p4-c_siege_tank	part_07	49r3IygT_0NGvvIlZlMfP
sf3d	run-1	p4-c_siege_tank	part_08	CsTyZZoUURMmZ_yNqgcOm
sf3d	run-1	p4-c_siege_tank	part_09	JmsDhPH0BG7NZc_aw8w5J
sf3d	run-1	p4-c_siege_tank	part_10	02199332-980e-46c2-a437-8ebbd099308f
sf3d	run-1	p4-e_exoskeleton_armor	part_00	gDQFE7hVhH8rTgs91mLyj
sf3d	run-1	p4-e_exoskeleton_armor	part_01	80WzgyveTVzZ2ixxSnnlZ
sf3d	run-1	p4-e_exoskeleton_armor	part_02	2ym1iUzrP5wJsaxTrkcch
sf3d	run-1	p4-e_exoskeleton_armor	part_03	mP3JgOKoVcjceBdUv9fJl
sf3d	run-1	p4-e_exoskeleton_armor	part_04	2pewBO1y8TaqIDXM1CGJO
sf3d	run-1	p4-e_exoskeleton_armor	part_05	fWikR04laYbEsdQcfDtne
sf3d	run-1	p4-e_exoskeleton_armor	part_06	_f8kaIBIG9lMA5hJlpsYZ
sf3d	run-1	p4-e_exoskeleton_armor	part_07	NUCD6lh6DmTXf3RlWYgQ_
sf3d	run-1	p4-e_exoskeleton_armor	part_08	2Nth8ms3sV7ciC4_vFOTz
sf3d	run-1	p4-e_exoskeleton_armor	part_09	eVJqT15SgIfPVRYfRpu3g
sf3d	run-1	p4-e_exoskeleton_armor	part_10	j3KvYYbv38fG8kk_DRMgw
sf3d	run-1	p4-e_exoskeleton_armor	part_11	uksiuYZSODrVInbf6LHJG
sf3d	run-1	p4-e_exoskeleton_armor	part_12	UjqoDxCbfzgZKLTfZ_Oyn
sf3d	run-1	p4-e_exoskeleton_armor	part_13	VCpoYC9g04wmwEKbPRgHv
sf3d	run-1	p4-e_exoskeleton_armor	part_14	ydtxAFomTJFdHulpnWORo
sf3d	run-1	p4-e_exoskeleton_armor	part_15	ITloyVuic__Q_Y0z4fJYt
sf3d	run-1	p4-e_exoskeleton_armor	part_16	JCbP0BD6OYz4jkiw_623j
sf3d	run-1	p4-e_exoskeleton_armor	part_17	LiKI8f5QMvXo8KjpUWK1H
sf3d	run-1	p4-e_exoskeleton_armor	part_18	Q_8QeuORFgOGq7hXYgRbj
sf3d	run-1	p4-e_exoskeleton_armor	part_19	017kZITKbWDXALpzz4phU
sf3d	run-1	p4-e_exoskeleton_armor	part_20	31BFKbzPLjJzqfj0mClcX
sf3d	run-1	p4-e_exoskeleton_armor	part_21	_R62S64XtWDDTZDzZHVpu
sf3d	run-1	p4-e_exoskeleton_armor	part_22	AGpOGdzqBAXmw94WxDF6v
sf3d	run-1	p4-e_exoskeleton_armor	part_23	QiWiJ6pofSBW3Vrri71WV
sf3d	run-1	p4-e_exoskeleton_armor	part_24	lZ31ShXFiuXS3U73lgly_
sf3d	run-1	p4-e_exoskeleton_armor	part_25	97ZpAlId801Htlq_g8xOI
sf3d	run-1	p4-e_exoskeleton_armor	part_26	r59Lk1Zt0alR8NQcboFpq
sf3d	run-1	p4-e_exoskeleton_armor	part_27	_93X_e548ZOz78o_Oc52C
sf3d	run-1	p4-e_exoskeleton_armor	part_28	b03TyPsb1JKzYckwbMYGE
sf3d	run-1	p4-e_exoskeleton_armor	part_29	6_XewJgPunCYlQFX7PgDl
sf3d	run-1	p4-f_electric_tricycle	part_00	5c078a74-7392-4b8c-bf0c-f36d618764bc
sf3d	run-1	p4-f_electric_tricycle	part_01	ce1c9869-067b-49e2-9db3-6e2661c56856
sf3d	run-1	p4-f_electric_tricycle	part_02	7dadc6df-15d2-4f32-b948-3ed4cf81bfbf
sf3d	run-1	p4-f_electric_tricycle	part_03	593c631e-d05e-4884-8117-fcb79018102a
sf3d	run-1	p4-f_electric_tricycle	part_04	66054738-4349-4814-b105-00c6f08e59bd
sf3d	run-1	p4-g_holographic_smartwatch	part_00	_y069_7u0Nh92MWUdqJde
sf3d	run-1	p4-g_holographic_smartwatch	part_01	tEdl6KvPj20kAHLXMQX6o
sf3d	run-1	p4-g_holographic_smartwatch	part_02	uUu5xn6U6GCc2TpY9is1R
sf3d	run-1	p4-g_holographic_smartwatch	part_03	BNFDd83xUCm4sIwlrwAkq
sf3d	run-1	p4-g_holographic_smartwatch	part_04	X27MmG2osmFZ1azVYiHcI
sf3d	run-1	p4-g_holographic_smartwatch	part_05	OtHR7mytj3z3i7_qwbEvR
sf3d	run-1	p4-g_holographic_smartwatch	part_06	JG7Ypy3Wis7Yp65a6pRQf
sf3d	run-1	p4-g_holographic_smartwatch	part_07	EoaB7i8uoV1qJkbJvR9i0
sf3d	run-1	p4-g_holographic_smartwatch	part_08	V1zzieOKzmN1EV2tvsEah
sf3d	run-1	p4-g_holographic_smartwatch	part_09	_HxJmUhSCDk8XImtlmC3C
sf3d	run-1	p4-g_holographic_smartwatch	part_10	jIzUV3A3ZyWWz6XHBlNrw
sf3d	run-1	p4-g_holographic_smartwatch	part_11	ykfxxm1dTeWa3yK9VcIlj
sf3d	run-1	p4-g_holographic_smartwatch	part_12	IFL_nwKCec4f3x5EYK6MP
sf3d	run-1	p4-g_holographic_smartwatch	part_13	xTXE5xJ92tP0Yx95l6iKN
sf3d	run-1	p4-g_holographic_smartwatch	part_14	ZXiOntM9Qa2xYaV7qhKJt
sf3d	run-1	p5-a_mecha_t-rex	part_00	ysCMxi_vYKl4wQaAXtJkw
sf3d	run-1	p5-a_mecha_t-rex	part_01	_oddG2KmeFDhA4VqQN_H1
sf3d	run-1	p5-a_mecha_t-rex	part_02	DwmSOiUgx8rQuY_KGieCA
sf3d	run-1	p5-a_mecha_t-rex	part_03	dVc1wgEfF5BlS8zOoi8Y6
sf3d	run-1	p5-a_mecha_t-rex	part_04	_M1sWbVfUlKftAldfGBfV
sf3d	run-1	p5-a_mecha_t-rex	part_05	PxuvlvS2sgPO2LNMjQ2TH
sf3d	run-1	p5-a_mecha_t-rex	part_06	wSUX6Vdx4gW8nPjdi_Vnh
sf3d	run-1	p5-a_mecha_t-rex	part_07	Y1_Jdfnn9i3Up9Fq07m65
sf3d	run-1	p5-a_mecha_t-rex	part_08	WlipqDjxwSM_ZgzpzRcdd
sf3d	run-1	p5-a_mecha_t-rex	part_09	7qBGPviBFq9s7D8R0gauz
sf3d	run-1	p5-a_mecha_t-rex	part_10	JDqlHSsIfA7ox5UOFZS4Z
sf3d	run-1	p5-a_mecha_t-rex	part_11	4U3BTdgofbhf87JzJUUHg
sf3d	run-1	p5-a_mecha_t-rex	part_12	vnUxt4jD0HOPRwo2MjYcA
sf3d	run-1	p5-a_mecha_t-rex	part_13	2LIFqQc_n9NskASZbY1e7
sf3d	run-1	p5-a_mecha_t-rex	part_14	MdLSbDX560EB2HJvV_pE4
sf3d	run-1	p5-a_mecha_t-rex	part_15	4Ab6GYKy9XxryEXJSQgY_
sf3d	run-1	p5-a_mecha_t-rex	part_16	O_mXSu578jMzK92sdiNsr
sf3d	run-1	p5-b_transformer_robot	part_00	Pw3xjdvJ6Xk_kuImOyvYf
sf3d	run-1	p5-b_transformer_robot	part_01	WeZLXyWGcmxBducR3G6Ye
sf3d	run-1	p5-b_transformer_robot	part_02	zBrxydQZZdaqbrvYt9dWM
sf3d	run-1	p5-b_transformer_robot	part_03	LFBeAbQqr1BlQedkAwPI3
sf3d	run-1	p5-b_transformer_robot	part_04	SH4YeW4qipgOgiY96Ec8S
sf3d	run-1	p5-b_transformer_robot	part_05	hgNtG52Ab1d2Vek4qW0re
sf3d	run-1	p5-b_transformer_robot	part_06	dGKXLeBctPvY_PNC_DucF
sf3d	run-1	p5-b_transformer_robot	part_07	27YTSpJhE9Me7nMyRZKZd
sf3d	run-1	p5-b_transformer_robot	part_08	rx_iPRjQK1VQmtB_2pq8u
sf3d	run-1	p5-b_transformer_robot	part_09	eWjry_9Vuuo48yt8ZH9jq
sf3d	run-1	p5-b_transformer_robot	part_10	HvrRYFScrcsldTwAoi4BS
sf3d	run-1	p5-b_transformer_robot	part_11	P1_etcB60GacV6WeGgvmG
sf3d	run-1	p5-b_transformer_robot	part_12	MBdBv_Ys0vsUOgv5P_0I0
sf3d	run-1	p5-b_transformer_robot	part_13	Fg2UHaZdpdgjlZf4R4LkH
sf3d	run-1	p5-b_transformer_robot	part_14	Q7mkbzQbbQxqwXgaT_P0N
sf3d	run-1	p5-b_transformer_robot	part_15	ueJoKassEroU2pc2SgRJj
