vns	run-1	p1-a_assembly_robots	part_00	db596973-14f2-4693-9700-5e4c36955da0
vns	run-1	p1-a_assembly_robots	part_01	643c87ba-194b-4262-abc1-c805337d148a
vns	run-1	p1-a_assembly_robots	part_02	bc3dade6-02d7-479b-9b3b-f64855385480
vns	run-1	p1-a_assembly_robots	part_03	b5117c0c-69de-445f-a553-25d190807d0c
vns	run-1	p1-a_assembly_robots	part_04	4d8050bf-97ee-43ba-b98d-a0865e8336e9
vns	run-1	p1-a_assembly_robots	part_05	308cdfd4-a79b-4a8d-b446-f94301bf4c92
vns	run-1	p1-a_assembly_robots	part_06	76d75213-f4f7-49b4-a4a1-2ae3b371ef98
vns	run-1	p1-a_assembly_robots	part_07	bdfdf445-936e-4d05-901c-47679deda00a
vns	run-1	p1-a_assembly_robots	part_08	9a6d7e27-03c3-494e-8c1c-5d05dcc52132
vns	run-1	p1-b_self-driving_shuttle	part_00	19b99a6d-468d-4f24-835e-e43944e2ffc6
vns	run-1	p1-b_self-driving_shuttle	part_01	cb00ff36-fbca-4385-8867-9d476a1ed928
vns	run-1	p1-b_self-driving_shuttle	part_02	6d0ba88d-bf59-4357-9e25-9f60d635b8f5
vns	run-1	p1-b_self-driving_shuttle	part_03	d0b6cbdb-81cd-4aaa-b5a0-a19e4178090b
vns	run-1	p1-b_self-driving_shuttle	part_04	cedf2d84-5de8-4e7e-9179-264340dbd727
vns	run-1	p1-b_self-driving_shuttle	part_05	0642ea4e-54dd-4145-818d-a64b8a5653d9
vns	run-1	p1-c_lunar_rover	part_00	aJ_vOZX7_wLvjFnXZqMiR
vns	run-1	p1-c_lunar_rover	part_01	ZKiTzV3e0E4TsdoLENCRd
vns	run-1	p1-c_lunar_rover	part_02	N1n9emWagVTeCaO5_F2Eb
vns	run-1	p1-c_lunar_rover	part_03	aP_NAoKYPyemyOlhYXofK
vns	run-1	p1-c_lunar_rover	part_04	cbl4H93nQfiVDEU_GCyrz
vns	run-1	p1-c_lunar_rover	part_05	tCaMp1xgvGUXgn3lDGFmP
vns	run-1	p1-c_lunar_rover	part_06	Yu3cyGQ_GJOUSDFWwHAVH
vns	run-1	p1-c_lunar_rover	part_07	7PB0QEwFsrMh5d_WAvY_Z
vns	run-1	p1-c_lunar_rover	part_08	S1ELRwXhXfqe8f5NWxp6t
vns	run-1	p1-c_lunar_rover	part_09	n_254ZDKWOl5_tq_I3A3X
vns	run-1	p1-c_lunar_rover	part_10	f6pUZylUIxIuEcramQ2gZ
vns	run-1	p1-c_lunar_rover	part_11	4odbjaJeLDxYYUto5MAEJ
vns	run-1	p1-c_lunar_rover	part_12	_oDIcgIwa_B1gmn2msLj2
vns	run-1	p1-c_lunar_rover	part_13	8Xa_0z5o_8LzMPXjX8GTL
vns	run-1	p1-c_lunar_rover	part_14	_27fZSjqcy3hvPc0O46_n
vns	run-1	p1-c_lunar_rover	part_15	6YGMoWTJ62OMgODVn00gK
vns	run-1	p1-c_lunar_rover	part_16	xpQ7TJF_l2t8pybUP_aox
vns	run-1	p2-c_autonomous_excavator	part_00	H1spPSGDZ25_nBZOQd32D
vns	run-1	p2-c_autonomous_excavator	part_01	ucuh5oX1wD3f7J67fglzR
vns	run-1	p2-c_autonomous_excavator	part_02	EI2q4M3ziKytUmIn5tMaW
vns	run-1	p2-c_autonomous_excavator	part_03	nXIM6nQuIE_hl3_CV8a_o
vns	run-1	p2-c_autonomous_excavator	part_04	cjc_wMSwlyn2Wak2Pjxxi
vns	run-1	p2-c_autonomous_excavator	part_05	TybARaZB4B6xEHDcZOh8V
vns	run-1	p2-c_autonomous_excavator	part_06	ehryFH_be2J9KuJhIHzzH
vns	run-1	p2-c_autonomous_excavator	part_07	EAjAXrMEUCAWg5cB6QAfT
vns	run-1	p2-c_autonomous_excavator	part_08	n_GucUEtnSEJ95AFG9HW3
vns	run-1	p2-c_autonomous_excavator	part_09	5FHCm0s0JTBinT6Y6H5Bi
vns	run-1	p2-c_autonomous_excavator	part_10	WgHl25mtuSY1pLYdeFMIV
vns	run-1	p2-c_autonomous_excavator	part_11	ZctJdwvjmkTd31OTF9GOR
vns	run-1	p2-c_autonomous_excavator	part_12	AHLYUOfb6e95_iNVxO5nA
vns	run-1	p2-c_autonomous_excavator	part_13	X9Q89HoVBlMpLtSyR3OD8
vns	run-1	p2-c_autonomous_excavator	part_14	CsXzcuVKdrLWSDy75oUVe
vns	run-1	p2-c_autonomous_excavator	part_15	wW9tpjiOlgLwBOq6mAb_y
vns	run-1	p2-c_autonomous_excavator	part_16	Dsqk20iT6Nf3S4jjchBFG
vns	run-1	p2-c_autonomous_excavator	part_17	FBi3bjWN_S8O0m3TKC71t
vns	run-1	p2-c_autonomous_excavator	part_18	8O05ZkWvbXG1o_7XA5RvS
vns	run-1	p2-c_autonomous_excavator	part_19	vLLxQVrbPWKfEvtVhztUZ
vns	run-1	p2-c_autonomous_excavator	part_20	H17aK0N1f_e_LeOD_SQ1R
vns	run-1	p2-c_autonomous_excavator	part_21	zffx9d688CDK7eZJhYEEa
vns	run-1	p3-a_puma	part_00	zZOJQgM3iG1Tu3SFapYBM
vns	run-1	p3-a_puma	part_01	Rg3VsNelvLu9OCtUBanyd
vns	run-1	p3-a_puma	part_02	hzpVAdlNInlmJziX3cvzM
vns	run-1	p3-a_puma	part_03	nZOl5D_ozcuw0gyMxMUuw
vns	run-1	p3-a_puma	part_04	vQrxWAm70q9OIWCv5m4Bx
vns	run-1	p3-a_puma	part_05	f6eNe0BBFtiS6PF_D_QcE
vns	run-1	p3-a_puma	part_06	lgBeZ3e9DG96pqU7XT11R
vns	run-1	p3-a_puma	part_07	GjsoED3x6pKKBA_BQfH3j
vns	run-1	p3-a_puma	part_08	tG7pCN6JJxV1PGhVljMpZ
vns	run-1	p3-a_puma	part_09	cl_jxCdOgvArfLgj4qDiP
vns	run-1	p3-a_puma	part_10	szC9poovXOSjRuVn0QeaA
vns	run-1	p3-a_puma	part_11	jALnJ8Y_SjnvxR6rwNbKR
vns	run-1	p3-a_puma	part_12	V8vU9QXMUizCzvW_GTb00
vns	run-1	p3-a_puma	part_13	rL32qn7Uy2Kia8T8vSP4a
vns	run-1	p3-c_spacecraft	part_00	RcdcLbKpxmN3ZdAwDA_58
vns	run-1	p3-c_spacecraft	part_01	vOeeeIVSXFAD_yssTtQe6
vns	run-1	p3-c_spacecraft	part_02	rqs2YAGD8nRORG_XKzXeD
vns	run-1	p3-c_spacecraft	part_03	z8IDecJWajmor9_boTUNx
vns	run-1	p3-c_spacecraft	part_04	1sZFK99sBi_1s4VXmZQwy
vns	run-1	p3-c_spacecraft	part_05	mTuyKndhaUlId0JQLxsAB
vns	run-1	p3-c_spacecraft	part_06	5Ga_xz0azPjua1Uoi8hzl
vns	run-1	p3-c_spacecraft	part_07	dymdv4cAzdX_gcE7ZJiJu
vns	run-1	p3-c_spacecraft	part_08	ZmpX5N5jIWauIkxanO1vN
vns	run-1	p3-c_spacecraft	part_09	c53d_NzP0iSayBkz9_l_v
vns	run-1	p3-c_spacecraft	part_10	EYb2BNbuTs4mveoOGDhUT
vns	run-1	p3-c_spacecraft	part_11	1w2N4D8_gNB4TAyxJc5Rc
vns	run-1	p3-d_bipedal_turret	part_00	QTA6OnV_PKTGdIRWF8BK6
vns	run-1	p3-d_bipedal_turret	part_01	8HKuxRq9zERigojANOL5P
vns	run-1	p3-d_bipedal_turret	part_02	d3b80G4n25knOwDjIow7d
vns	run-1	p3-d_bipedal_turret	part_03	TgAKzR18pBIFDEdlO6BJG
vns	run-1	p3-d_bipedal_turret	part_04	7PMrOKpushPIoajKZsOqT
vns	run-1	p3-d_bipedal_turret	part_05	OclIQwVSlO_aHsvI1oRQ_
vns	run-1	p3-d_bipedal_turret	part_06	kjBsdcvT8HDT_neECtc1f
vns	run-1	p3-d_bipedal_turret	part_07	piRlkRNqbr5E_f23Ut_RL
vns	run-1	p3-d_bipedal_turret	part_08	kktkb1GdYZq4YeD6GEUYD
vns	run-1	p3-d_bipedal_turret	part_09	YIgnsDPqKvEpsWB52gUPw
vns	run-1	p3-d_bipedal_turret	part_10	dQz4dDxLwwZjaMYA3ClXm
vns	run-1	p3-e_skeleton_dragon	part_00	_NFh6Yl3H2KNAObsdt23z
vns	run-1	p3-e_skeleton_dragon	part_01	uvVynSNnU15vbm4J_aX5_
vns	run-1	p3-e_skeleton_dragon	part_02	EvAp6FmLr9RbOyqxq5QH8
vns	run-1	p3-e_skeleton_dragon	part_03	BF4oK5aXLU3PL40wKX2Ns
vns	run-1	p3-e_skeleton_dragon	part_04	HAMPrL85H_0WM6C4l6vie
vns	run-1	p3-e_skeleton_dragon	part_05	8oU31FuKmNyoG6lNHfmwq
vns	run-1	p3-e_skeleton_dragon	part_06	cmWCiX2YvVhtQPTVbtDYO
vns	run-1	p3-e_skeleton_dragon	part_07	zFIWknBZUaRUqMfG629z3
vns	run-1	p3-e_skeleton_dragon	part_08	dEnYJoBjE7tOvP5lC022y
vns	run-1	p3-e_skeleton_dragon	part_09	2XTcA_S1BOpAy7RkFwHW_
vns	run-1	p3-e_skeleton_dragon	part_10	d8B75EQIMr6fTgXFzq7x_
vns	run-1	p3-e_skeleton_dragon	part_11	a_uIBUbn2T6YaMmXMOflL
vns	run-1	p3-e_skeleton_dragon	part_12	uLb2CCtTRNajdXxtGdvld
vns	run-1	p3-e_skeleton_dragon	part_13	3HbDkhzuZTzCkMyzH1ZLW
vns	run-1	p3-e_skeleton_dragon	part_14	J4uPsqtN9nV32H1xr11yW
vns	run-1	p3-e_skeleton_dragon	part_15	X3kxvKJjuorvaQ1A67RBe
vns	run-1	p3-e_skeleton_dragon	part_16	GYoV_exYf6Y60x_5XwdT3
vns	run-1	p3-e_skeleton_dragon	part_17	cMlkRLB3nnuEyuD3uW2B9
vns	run-1	p3-e_skeleton_dragon	part_18	8j_1OSWgsDux_W2r1InVD
vns	run-1	p3-e_skeleton_dragon	part_19	rddL3zcLiRx2TcD9fg8Sf
vns	run-1	p3-e_skeleton_dragon	part_20	Zg2oWWPAFGLoLCu_Bniu7
vns	run-1	p3-e_skeleton_dragon	part_21	rpIAwOkcP0EmsPmIkWwiZ
vns	run-1	p3-e_skeleton_dragon	part_22	oj6D6kVvCykW_cMAJt3rJ
vns	run-1	p3-e_skeleton_dragon	part_23	oppbOaMDMucXzrevPgCAw
vns	run-1	p3-e_skeleton_dragon	part_24	h8dazS6WMchWapntXsNyd
vns	run-1	p3-e_skeleton_dragon	part_25	zqteMmi29otHhnowtOhXp
vns	run-1	p3-e_skeleton_dragon	part_26	thUA_KYUGGuIzCYY82Kl7
vns	run-1	p3-e_skeleton_dragon	part_27	0lfylXi4p5ZEaL8WuEx8q
vns	run-1	p3-e_skeleton_dragon	part_28	YbrPPf9gnvPzsN82rYjgX
vns	run-1	p3-e_skeleton_dragon	part_29	QEGNO6ntru1nsmSz4D4Ry
vns	run-1	p3-e_skeleton_dragon	part_30	6fAhaEZVZ0GYRXBo2e1QD
vns	run-1	p3-e_skeleton_dragon	part_31	HaUiGDxk2dlFQqjSkvslk
vns	run-1	p3-e_skeleton_dragon	part_32	AP36XzQKF_a7r0OfXP7N1
vns	run-1	p3-e_skeleton_dragon	part_33	VrWpXS7jnyl3RkV93TOY6
vns	run-1	p3-e_skeleton_dragon	part_34	H_HKSNC9AmjGQZ3RAvIFx
vns	run-1	p3-e_skeleton_dragon	part_35	YWTqazDf4zcw1lGThzFIb
vns	run-1	p3-e_skeleton_dragon	part_36	__v9gT0e2QFMuiOIGw3n3
vns	run-1	p3-e_skeleton_dragon	part_37	mCqn56d4LjGfpEkZs6Oyy
vns	run-1	p3-e_skeleton_dragon	part_38	tPu06xma_cliCJa5bqR8h
vns	run-1	p3-e_skeleton_dragon	part_39	Sym_uTnqDKJN1w5jRwpAs
vns	run-1	p3-e_skeleton_dragon	part_40	tJY0jb9SyloX6OOeqz6E3
vns	run-1	p3-e_skeleton_dragon	part_41	veTcWbn2gFUS_C_ACzP33
vns	run-1	p3-e_skeleton_dragon	part_42	G0gohsujCtAWGMvhHudM1
vns	run-1	p4-c_siege_tank	part_00	EIHFFJvIJRjBGdgF2kEBz
vns	run-1	p4-c_siege_tank	part_01	jywFW3nYsaLazlGNeW2Nd
vns	run-1	p4-c_siege_tank	part_02	2BBqMpz_SeLhIIoju51X2
vns	run-1	p4-c_siege_tank	part_03	IqJSBtAB8eTwqkppaHTBQ
vns	run-1	p4-c_siege_tank	part_04	03CxkAO2PuPdMQQwmAEB_
vns	run-1	p4-c_siege_tank	part_05	17KzSvnKWQJ_c6gbn_6ky
vns	run-1	p4-c_siege_tank	part_06	hWqrX85Hhu5JSf_Xgw0F3
vns	run-1	p4-c_siege_tank	part_07	49r3IygT_0NGvvIlZlMfP
vns	run-1	p4-c_siege_tank	part_08	CsTyZZoUURMmZ_yNqgcOm
vns	run-1	p4-c_siege_tank	part_09	JmsDhPH0BG7NZc_aw8w5J
vns	run-1	p4-c_siege_tank	part_10	02199332-980e-46c2-a437-8ebbd099308f
vns	run-1	p4-e_exoskeleton_armor	part_00	gDQFE7hVhH8rTgs91mLyj
vns	run-1	p4-e_exoskeleton_armor	part_01	80WzgyveTVzZ2ixxSnnlZ
vns	run-1	p4-e_exoskeleton_armor	part_02	2ym1iUzrP5wJsaxTrkcch
vns	run-1	p4-e_exoskeleton_armor	part_03	mP3JgOKoVcjceBdUv9fJl
vns	run-1	p4-e_exoskeleton_armor	part_04	2pewBO1y8TaqIDXM1CGJO
vns	run-1	p4-e_exoskeleton_armor	part_05	fWikR04laYbEsdQcfDtne
vns	run-1	p4-e_exoskeleton_armor	part_06	_f8kaIBIG9lMA5hJlpsYZ
vns	run-1	p4-e_exoskeleton_armor	part_07	NUCD6lh6DmTXf3RlWYgQ_
vns	run-1	p4-e_exoskeleton_armor	part_08	2Nth8ms3sV7ciC4_vFOTz
vns	run-1	p4-e_exoskeleton_armor	part_09	eVJqT15SgIfPVRYfRpu3g
vns	run-1	p4-e_exoskeleton_armor	part_10	j3KvYYbv38fG8kk_DRMgw
vns	run-1	p4-e_exoskeleton_armor	part_11	uksiuYZSODrVInbf6LHJG
vns	run-1	p4-e_exoskeleton_armor	part_12	UjqoDxCbfzgZKLTfZ_Oyn
vns	run-1	p4-e_exoskeleton_armor	part_13	VCpoYC9g04wmwEKbPRgHv
vns	run-1	p4-e_exoskeleton_armor	part_14	ydtxAFomTJFdHulpnWORo
vns	run-1	p4-e_exoskeleton_armor	part_15	ITloyVuic__Q_Y0z4fJYt
vns	run-1	p4-e_exoskeleton_armor	part_16	JCbP0BD6OYz4jkiw_623j
vns	run-1	p4-e_exoskeleton_armor	part_17	LiKI8f5QMvXo8KjpUWK1H
vns	run-1	p4-e_exoskeleton_armor	part_18	Q_8QeuORFgOGq7hXYgRbj
vns	run-1	p4-e_exoskeleton_armor	part_19	017kZITKbWDXALpzz4phU
vns	run-1	p4-e_exoskeleton_armor	part_20	31BFKbzPLjJzqfj0mClcX
vns	run-1	p4-e_exoskeleton_armor	part_21	_R62S64XtWDDTZDzZHVpu
vns	run-1	p4-e_exoskeleton_armor	part_22	AGpOGdzqBAXmw94WxDF6v
vns	run-1	p4-e_exoskeleton_armor	part_23	QiWiJ6pofSBW3Vrri71WV
vns	run-1	p4-e_exoskeleton_armor	part_24	lZ31ShXFiuXS3U73lgly_
vns	run-1	p4-e_exoskeleton_armor	part_25	97ZpAlId801Htlq_g8xOI
vns	run-1	p4-e_exoskeleton_armor	part_26	r59Lk1Zt0alR8NQcboFpq
vns	run-1	p4-e_exoskeleton_armor	part_27	_93X_e548ZOz78o_Oc52C
vns	run-1	p4-e_exoskeleton_armor	part_28	b03TyPsb1JKzYckwbMYGE
vns	run-1	p4-e_exoskeleton_armor	part_29	6_XewJgPunCYlQFX7PgDl
vns	run-1	p4-f_electric_tricycle	part_00	5c078a74-7392-4b8c-bf0c-f36d618764bc
vns	run-1	p4-f_electric_tricycle	part_01	ce1c9869-067b-49e2-9db3-6e2661c56856
vns	run-1	p4-f_electric_tricycle	part_02	7dadc6df-15d2-4f32-b948-3ed4cf81bfbf
vns	run-1	p4-f_electric_tricycle	part_03	593c631e-d05e-4884-8117-fcb79018102a
vns	run-1	p4-f_electric_tricycle	part_04	66054738-4349-4814-b105-00c6f08e59bd
vns	run-1	p4-g_holographic_smartwatch	part_00	_y069_7u0Nh92MWUdqJde
vns	run-1	p4-g_holographic_smartwatch	part_01	tEdl6KvPj20kAHLXMQX6o
vns	run-1	p4-g_holographic_smartwatch	part_02	uUu5xn6U6GCc2TpY9is1R
vns	run-1	p4-g_holographic_smartwatch	part_03	BNFDd83xUCm4sIwlrwAkq
vns	run-1	p4-g_holographic_smartwatch	part_04	X27MmG2osmFZ1azVYiHcI
vns	run-1	p4-g_holographic_smartwatch	part_05	OtHR7mytj3z3i7_qwbEvR
vns	run-1	p4-g_holographic_smartwatch	part_06	JG7Ypy3Wis7Yp65a6pRQf
vns	run-1	p4-g_holographic_smartwatch	part_07	EoaB7i8uoV1qJkbJvR9i0
vns	run-1	p4-g_holographic_smartwatch	part_08	V1zzieOKzmN1EV2tvsEah
vns	run-1	p4-g_holographic_smartwatch	part_09	_HxJmUhSCDk8XImtlmC3C
vns	run-1	p4-g_holographic_smartwatch	part_10	jIzUV3A3ZyWWz6XHBlNrw
vns	run-1	p4-g_holographic_smartwatch	part_11	ykfxxm1dTeWa3yK9VcIlj
vns	run-1	p4-g_holographic_smartwatch	part_12	IFL_nwKCec4f3x5EYK6MP
vns	run-1	p4-g_holographic_smartwatch	part_13	xTXE5xJ92tP0Yx95l6iKN
vns	run-1	p4-g_holographic_smartwatch	part_14	ZXiOntM9Qa2xYaV7qhKJt
vns	run-1	p5-a_mecha_t-rex	part_00	ysCMxi_vYKl4wQaAXtJkw
vns	run-1	p5-a_mecha_t-rex	part_01	_oddG2KmeFDhA4VqQN_H1
vns	run-1	p5-a_mecha_t-rex	part_02	DwmSOiUgx8rQuY_KGieCA
vns	run-1	p5-a_mecha_t-rex	part_03	dVc1wgEfF5BlS8zOoi8Y6
vns	run-1	p5-a_mecha_t-rex	part_04	_M1sWbVfUlKftAldfGBfV
vns	run-1	p5-a_mecha_t-rex	part_05	PxuvlvS2sgPO2LNMjQ2TH
vns	run-1	p5-a_mecha_t-rex	part_06	wSUX6Vdx4gW8nPjdi_Vnh
vns	run-1	p5-a_mecha_t-rex	part_07	Y1_Jdfnn9i3Up9Fq07m65
vns	run-1	p5-a_mecha_t-rex	part_08	WlipqDjxwSM_ZgzpzRcdd
vns	run-1	p5-a_mecha_t-rex	part_09	7qBGPviBFq9s7D8R0gauz
vns	run-1	p5-a_mecha_t-rex	part_10	JDqlHSsIfA7ox5UOFZS4Z
vns	run-1	p5-a_mecha_t-rex	part_11	4U3BTdgofbhf87JzJUUHg
vns	run-1	p5-a_mecha_t-rex	part_12	vnUxt4jD0HOPRwo2MjYcA
vns	run-1	p5-a_mecha_t-rex	part_13	2LIFqQc_n9NskASZbY1e7
vns	run-1	p5-a_mecha_t-rex	part_14	MdLSbDX560EB2HJvV_pE4
vns	run-1	p5-a_mecha_t-rex	part_15	4Ab6GYKy9XxryEXJSQgY_
vns	run-1	p5-a_mecha_t-rex	part_16	O_mXSu578jMzK92sdiNsr
vns	run-1	p5-b_transformer_robot	part_00	Pw3xjdvJ6Xk_kuImOyvYf
vns	run-1	p5-b_transformer_robot	part_01	WeZLXyWGcmxBducR3G6Ye
vns	run-1	p5-b_transformer_robot	part_02	zBrxydQZZdaqbrvYt9dWM
vns	run-1	p5-b_transformer_robot	part_03	LFBeAbQqr1BlQedkAwPI3
vns	run-1	p5-b_transformer_robot	part_04	SH4YeW4qipgOgiY96Ec8S
vns	run-1	p5-b_transformer_robot	part_05	hgNtG52Ab1d2Vek4qW0re
vns	run-1	p5-b_transformer_robot	part_06	dGKXLeBctPvY_PNC_DucF
vns	run-1	p5-b_transformer_robot	part_07	27YTSpJhE9Me7nMyRZKZd
vns	run-1	p5-b_transformer_robot	part_08	rx_iPRjQK1VQmtB_2pq8u
vns	run-1	p5-b_transformer_robot	part_09	eWjry_9Vuuo48yt8ZH9jq
vns	run-1	p5-b_transformer_robot	part_10	HvrRYFScrcsldTwAoi4BS
vns	run-1	p5-b_transformer_robot	part_11	P1_etcB60GacV6WeGgvmG
vns	run-1	p5-b_transformer_robot	part_12	MBdBv_Ys0vsUOgv5P_0I0
vns	run-1	p5-b_transformer_robot	part_13	Fg2UHaZdpdgjlZf4R4LkH
vns	run-1	p5-b_transformer_robot	part_14	Q7mkbzQbbQxqwXgaT_P0N
vns	run-1	p5-b_transformer_robot	part_15	ueJoKassEroU2pc2SgRJj
